Maker,Genmodel,Genmodel_ID,Adv_ID,Adv_year,Price
ABARTH,ABARTH 124,2_1,10_1$$1,2018,21500
ABARTH,ABARTH 500,2_2,10_1$$2,2018,28750
ABARTH,ABARTH 595,2_4,10_1$$3,2017,29999
ABARTH,ABARTH 695,2_6,10_1$$4,2018,34948
ABARTH,ABARTH PUNTO,2_9,10_1$$5,2017,26555
ABARTH,ABARTH SPIDER,2_1,10_1$$6,2017,24950
ACURA,ACURA TL,100_1,10_1$$7,2018,29995
AIXAM,AIXAM 500,3_3,10_1$$8,2018,22450
AIXAM,AIXAM A751,3_4,10_1$$9,2018,26990
AIXAM,AIXAM COUPE,3_5,10_1$$10,2017,29995
AIXAM,AIXAM CROSSLINE,3_1,10_1$$11,2018,23995
AIXAM,AIXAM CROSSOVER,3_6,10_1$$12,2018,26990
AIXAM,AIXAM MEGA,3_7,10_1$$13,2018,21995
AIXAM,AIXAM SCOUTY,3_8,10_1$$14,2018,25950
ALFA ROMEO,ALFA ROMEO 147,4_1,10_1$$15,2018,16500
ALFA ROMEO,ALFA ROMEO 156,4_2,10_1$$16,2017,29500
ALFA ROMEO,ALFA ROMEO 159,4_4,10_1$$17,2018,35000
ALFA ROMEO,ALFA ROMEO 166,4_6,10_1$$18,2018,17995
ALFA ROMEO,ALFA ROMEO 4C,4_7,10_1$$19,2018,33950
ALFA ROMEO,ALFA ROMEO 8C,4_8,10_1$$20,2018,25995
ALFA ROMEO,ALFA ROMEO BRERA,4_9,10_1$$21,2018,26995
ALFA ROMEO,ALFA ROMEO GIULIA,4_10,10_1$$22,2017,26990
ALFA ROMEO,ALFA ROMEO GIULIETTA,4_11,10_1$$23,2017,29750
ALFA ROMEO,ALFA ROMEO GT,4_12,10_1$$24,2018,16500
ALFA ROMEO,ALFA ROMEO GTV,4_13,10_1$$25,2018,29950
ALFA ROMEO,ALFA ROMEO MITO,4_14,10_1$$26,2017,17945
ALFA ROMEO,ALFA ROMEO SPIDER,4_15,10_1$$27,2018,29950
ALFA ROMEO,ALFA ROMEO STELVIO,4_16,10_1$$28,2017,31950
ALPINE,ALPINE A110,101_1,10_1$$29,2017,21950
ASTON MARTIN,ASTON MARTIN CYGNET,6_1,10_1$$30,2018,24995
ASTON MARTIN,ASTON MARTIN DB11,6_2,10_2$$1,2018,59990
ASTON MARTIN,ASTON MARTIN DB5,6_12,10_3$$1,2018,129990
ASTON MARTIN,ASTON MARTIN DB7,6_3,10_3$$2,2018,164995
ASTON MARTIN,ASTON MARTIN DB9,6_4,10_3$$3,2018,135000
ASTON MARTIN,ASTON MARTIN DB9O,6_4,10_3$$4,2018,164750
ASTON MARTIN,ASTON MARTIN DBS,6_5,10_3$$5,2018,135000
ASTON MARTIN,ASTON MARTIN RAPIDE,6_6,10_3$$6,2018,169000
ASTON MARTIN,ASTON MARTIN VANQUISH,6_8,10_3$$7,2018,139950
ASTON MARTIN,ASTON MARTIN VANTAGE,6_9,10_3$$8,2018,146995
ASTON MARTIN,ASTON MARTIN VIRAGE,6_10,10_3$$9,2018,159500
AUDI,AUDI A1,7_1,10_3$$10,2018,127895
AUDI,AUDI A2,7_2,10_3$$11,2018,125995
AUDI,AUDI A3,7_3,10_3$$12,2018,145000
AUDI,AUDI A4,7_5,10_3$$13,2018,124950
AUDI,AUDI A5,7_9,10_3$$14,2018,139900
AUDI,AUDI A6,7_11,10_3$$15,2018,149995
AUDI,AUDI A7,7_15,10_3$$16,2018,154995
AUDI,AUDI A8,7_16,10_3$$17,2018,147950
AUDI,AUDI ALLROAD,7_17,10_3$$18,2018,137950
AUDI,AUDI E-TRON,7_51,10_3$$19,2018,194995
AUDI,AUDI Q2,7_18,10_3$$20,2017,239950
AUDI,AUDI Q3,7_19,10_3$$21,2017,209950
AUDI,AUDI Q5,7_20,10_3$$22,2018,160000
AUDI,AUDI Q7,7_21,10_3$$23,2018,159750
AUDI,AUDI Q8,7_49,10_3$$24,2018,149999
AUDI,AUDI QUATTRO,7_22,10_3$$25,2018,159990
AUDI,AUDI R8,7_23,10_3$$26,2018,169950
AUDI,AUDI RIO,7_35,10_3$$27,2018,97500
AUDI,AUDI RS3,7_25,10_3$$28,2018,169950
AUDI,AUDI RS4,7_26,10_3$$29,2018,184950
AUDI,AUDI RS5,7_30,10_3$$30,2018,174950
AUDI,AUDI RS6,7_31,10_3$$31,2018,134950
AUDI,AUDI RS7,7_33,10_3$$32,2018,169500
AUDI,AUDI RSQ3,7_24,10_3$$33,2018,179950
AUDI,AUDI S1,7_34,10_3$$34,2018,169950
AUDI,AUDI S3,7_35,10_3$$35,2017,143950
AUDI,AUDI S4,7_36,10_3$$36,2018,152000
AUDI,AUDI S5,7_39,10_3$$37,2018,155000
AUDI,AUDI S6,7_41,10_3$$38,2018,139850
AUDI,AUDI S7,7_42,10_3$$39,2018,169000
AUDI,AUDI S8,7_43,10_3$$40,2018,145000
AUDI,AUDI SQ2,7_50,10_3$$41,2017,124995
AUDI,AUDI SQ5,7_44,10_3$$42,2018,159500
AUDI,AUDI SQ7,7_45,10_3$$43,2018,125990
AUDI,AUDI TT,7_46,10_3$$44,2017,209950
AUDI,AUDI TTRS,7_47,10_3$$45,2018,129950
AUDI,AUDI TTS,7_48,10_3$$46,2018,144950
BENTLEY,BENTLEY ARNAGE,10_1,10_3$$47,2018,124950
BENTLEY,BENTLEY AZURE,10_2,10_3$$48,2018,149950
BENTLEY,BENTLEY BENTAYGA,10_3,10_3$$49,2018,174950
BENTLEY,BENTLEY BROOKLANDS,10_4,10_3$$50,2018,142000
BENTLEY,BENTLEY CONTINENTAL,10_5,10_3$$51,2018,132000
BENTLEY,BENTLEY FLYING SPUR,10_6,10_3$$52,2018,159950
BENTLEY,BENTLEY MULSANNE,10_7,10_3$$53,2018,139950
BMW,BMW 1 SERIES,8_1,10_3$$54,2018,144850
BMW,BMW 2 SERIES,8_2,10_3$$55,2018,126950
BMW,BMW 3 SERIES,8_5,10_3$$56,2018,159990
BMW,BMW 4 SERIES,8_7,10_3$$57,2018,148950
BMW,BMW 5 SERIES,8_9,10_3$$58,2018,154990
BMW,BMW 6 SERIES,8_11,10_3$$59,2018,149950
BMW,BMW 7 SERIES,8_14,10_3$$60,2018,137950
BMW,BMW 8 SERIES,8_49,10_3$$61,2018,153500
BMW,BMW I3,8_27,10_3$$62,2018,127990
BMW,BMW I8,8_28,10_3$$63,2018,184995
BMW,BMW M1,8_48,10_3$$64,2018,179985
BMW,BMW M2,8_29,10_3$$65,2018,139975
BMW,BMW M3,8_30,10_3$$66,2018,135950
BMW,BMW M4,8_31,10_3$$67,2018,139500
BMW,BMW M5,8_32,10_3$$68,2018,134850
BMW,BMW M6,8_33,10_3$$69,2018,128500
BMW,BMW X1,8_35,10_3$$70,2018,137950
BMW,BMW X2,8_36,10_3$$71,2018,155000
BMW,BMW X3,8_37,10_3$$72,2018,129500
BMW,BMW X4,8_38,10_3$$73,2018,139950
BMW,BMW X5,8_39,10_3$$74,2018,145000
BMW,BMW X6,8_41,10_3$$75,2018,130000
BMW,BMW X7,8_50,10_3$$76,2017,229950
BMW,BMW Z3,8_43,10_3$$77,2018,173000
BMW,BMW Z4,8_45,10_3$$78,2018,165000
BMW,BMW Z8,8_47,10_3$$79,2018,154950
BRISTOL,BRISTOL FIGHTER,11_1,10_3$$80,2018,169995
CADILLAC,CADILLAC BLS,14_1,10_3$$81,2018,154950
CADILLAC,CADILLAC CTS,14_2,10_3$$82,2018,165000
CADILLAC,CADILLAC ESCALADE,14_3,10_3$$83,2018,169000
CADILLAC,CADILLAC STS,14_5,10_3$$84,2018,122990
CHEVROLET,CHEVROLET AVEO,16_2,10_3$$85,2018,199950
CHEVROLET,CHEVROLET CAMARO,16_4,10_3$$86,2018,144950
CHEVROLET,CHEVROLET CAPTIVA,16_5,10_3$$87,2018,138950
CHEVROLET,CHEVROLET CORVETTE,16_6,10_3$$88,2018,149946
CHEVROLET,CHEVROLET CRUZE,16_7,10_3$$89,2018,169950
CHEVROLET,CHEVROLET EPICA,16_8,10_3$$90,2018,159950
CHEVROLET,CHEVROLET KALOS,16_10,10_3$$91,2018,147000
CHEVROLET,CHEVROLET LACETTI,16_11,10_3$$92,2018,143980
CHEVROLET,CHEVROLET MATIZ,16_12,10_3$$93,2018,131990
CHEVROLET,CHEVROLET ORLANDO,16_13,10_3$$94,2017,137990
CHEVROLET,CHEVROLET SPARK,16_14,10_3$$95,2018,134995
CHEVROLET,CHEVROLET TACUMA,16_16,10_3$$96,2018,118000
CHEVROLET,CHEVROLET TRAX,16_18,10_3$$97,2017,229950
CHEVROLET,CHEVROLET VOLT,16_19,10_3$$98,2018,139990
CHRYSLER,CHRYSLER 300,17_1,10_3$$99,2018,139990
CHRYSLER,CHRYSLER 300C,17_1,10_3$$100,2018,155000
CHRYSLER,CHRYSLER CROSSFIRE,17_2,10_3$$101,2018,175445
CHRYSLER,CHRYSLER DELTA,17_3,10_3$$102,2018,129990
CHRYSLER,CHRYSLER GRAND VOYAGER,17_4,10_3$$103,2018,149990
CHRYSLER,CHRYSLER NEON,17_5,10_3$$104,2018,139950
CHRYSLER,CHRYSLER PT CRUISER,17_7,10_3$$105,2018,142850
CHRYSLER,CHRYSLER SEBRING,17_8,10_3$$106,2018,149950
CHRYSLER,CHRYSLER VOYAGER,17_9,10_3$$107,2018,167750
CHRYSLER,CHRYSLER YPSILON,17_10,10_3$$108,2018,174150
CITROEN,CITROEN BERLINGO,18_2,10_3$$109,2018,155000
CITROEN,CITROEN C1,18_6,10_3$$110,2018,127000
CITROEN,CITROEN C2,18_7,10_3$$111,2018,112950
CITROEN,CITROEN C3,18_8,10_3$$112,2018,119895
CITROEN,CITROEN C4,18_12,10_3$$113,2018,144995
CITROEN,CITROEN C5,18_15,10_3$$114,2018,144990
CITROEN,CITROEN C6,18_16,10_3$$115,2018,172500
CITROEN,CITROEN C8,18_17,10_3$$116,2018,134990
CITROEN,CITROEN C-CROSSER,18_4,10_3$$117,2018,134950
CITROEN,CITROEN C-ZERO,18_5,10_3$$118,2018,120000
CITROEN,CITROEN DISPATCH,18_18,10_3$$119,2018,125000
CITROEN,CITROEN DS3,21_1,10_3$$120,2018,153000
CITROEN,CITROEN DS4,21_3,10_3$$121,2018,154450
CITROEN,CITROEN DS5,21_5,10_3$$122,2018,164450
CITROEN,CITROEN NEMO,18_25,10_3$$123,2018,139000
CITROEN,CITROEN SAXO,18_26,10_3$$124,2018,199995
CITROEN,CITROEN SPACETOURER,18_27,10_3$$125,2018,219950
CITROEN,CITROEN SYNERGIE,18_28,10_3$$126,2018,134295
CITROEN,CITROEN XANTIA,18_31,10_3$$127,2018,192745
CITROEN,CITROEN XSARA,18_29,10_3$$128,2018,149950
CORVETTE,CORVETTE C6,19_1,10_3$$129,2018,224950
DACIA,DACIA DUSTER,22_1,10_3$$130,2018,150950
DACIA,DACIA LOGAN,22_2,10_3$$131,2020,122995
DACIA,DACIA SANDERO,22_3,10_3$$132,2021,129895
DAEWOO,DAEWOO KALOS,23_1,10_3$$133,2021,132500
DAEWOO,DAEWOO LACETTI,23_2,10_3$$134,2021,129950
DAEWOO,DAEWOO LANOS,23_6,10_3$$135,2021,130000
DAEWOO,DAEWOO LEGANZA,23_7,10_3$$136,2021,162500
DAEWOO,DAEWOO MATIZ,23_3,10_3$$137,2021,122977
DAEWOO,DAEWOO MUSSO,23_8,10_3$$138,2021,119850
DAEWOO,DAEWOO NUBIRA,23_4,10_3$$139,2021,125000
DAEWOO,DAEWOO TACUMA,23_5,10_3$$140,2021,125000
DAIHATSU,DAIHATSU CHARADE,24_2,10_3$$141,2021,139000
DAIHATSU,DAIHATSU COPEN,24_3,10_3$$142,2021,140000
DAIHATSU,DAIHATSU CUORE,24_4,10_3$$143,2021,130000
DAIHATSU,DAIHATSU FOURTRAK,24_5,10_4$$1,2017,124999
DAIHATSU,DAIHATSU MATERIA,24_6,10_4$$2,2017,136950
DAIHATSU,DAIHATSU SIRION,24_7,10_4$$3,2017,94950
DAIHATSU,DAIHATSU TERIOS,24_8,10_4$$4,2017,11000
DAIHATSU,DAIHATSU YRV,24_9,10_4$$5,2016,10495
DODGE,DODGE AVENGER,26_1,10_4$$6,2017,13975
DODGE,DODGE CALIBER,26_2,10_5$$1,2018,170000
DODGE,DODGE JOURNEY,26_5,10_5$$2,2018,119895
DODGE,DODGE NITRO,26_6,10_5$$3,2018,38500
DS,DS DS3,21_1,10_5$$4,2018,82950
DS,DS DS4,21_3,10_5$$5,2017,57950
DS,DS DS5,21_5,10_5$$6,2017,74990
DS,DS DS7,21_6,10_5$$7,2018,155000
FERRARI,FERRARI 360,27_2,10_5$$8,2018,36925
FERRARI,FERRARI 430,27_3,10_5$$9,2018,25950
FERRARI,FERRARI 458,27_6,10_5$$10,2018,84950
FERRARI,FERRARI 488,27_7,10_5$$11,2018,77950
FERRARI,FERRARI 575M,27_9,10_5$$12,2018,99889
FERRARI,FERRARI 599,27_10,10_5$$13,2018,118000
FERRARI,FERRARI 612,27_11,10_5$$14,2018,65990
FERRARI,FERRARI CALIFORNIA,27_13,10_5$$15,2017,25991
FERRARI,FERRARI F430,27_18,10_5$$16,2018,49995
FERRARI,FERRARI FF,27_19,10_5$$17,2018,24950
FERRARI,FERRARI LAFERRARI,27_21,10_5$$18,2018,22989
FERRARI,FERRARI PORTOFINO,27_23,10_5$$19,2018,31000
FIAT,FIAT 124,28_1,10_5$$20,2017,179950
FIAT,FIAT 500,28_2,10_5$$21,2017,57989
FIAT,FIAT 500L,28_4,10_5$$22,2018,104950
FIAT,FIAT 500X,28_5,10_5$$23,2018,31500
FIAT,FIAT 850,28_6,10_5$$24,2018,27950
FIAT,FIAT BARCHETTA,28_8,10_5$$25,2018,77975
FIAT,FIAT BRAVA,28_9,10_5$$26,2018,69000
FIAT,FIAT BRAVO,28_10,10_5$$27,2018,23995
FIAT,FIAT CROMA,28_11,10_5$$28,2018,89950
FIAT,FIAT DOBLO,28_12,10_5$$29,2018,100000
FIAT,FIAT FIORINO,28_13,10_5$$30,2017,51421
FIAT,FIAT IDEA,28_16,10_5$$31,2018,26000
FIAT,FIAT MAREA,28_30,10_5$$32,2018,52995
FIAT,FIAT MULTIPLA,28_17,10_5$$33,2017,59990
FIAT,FIAT PANDA,28_18,10_5$$34,2018,68999
FIAT,FIAT PUNTO,28_19,10_5$$35,2018,76900
FIAT,FIAT QUBO,28_21,10_5$$36,2017,25875
FIAT,FIAT SCUDO,28_22,10_5$$37,2018,42950
FIAT,FIAT SEDICI,28_23,10_5$$38,2018,53988
FIAT,FIAT SEICENTO,28_24,10_5$$39,2018,93895
FIAT,FIAT STILO,28_26,10_5$$40,2018,189975
FIAT,FIAT TALENTO,28_27,10_5$$41,2017,57990
FIAT,FIAT TIPO,28_28,10_5$$42,2018,22500
FIAT,FIAT ULYSSE,28_29,10_5$$43,2018,107895
FORD,FORD B-MAX,29_1,10_5$$44,2018,19795
FORD,FORD C-MAX,29_2,10_5$$45,2018,54995
FORD,FORD COUGAR,29_3,10_5$$46,2018,57989
FORD,FORD ECOSPORT,29_4,10_5$$47,2017,24950
FORD,FORD EDGE,29_5,10_5$$48,2017,29995
FORD,FORD ESCORT,29_7,10_5$$49,2018,23975
FORD,FORD EXPLORER,29_9,10_5$$50,2018,97000
FORD,FORD F150,29_11,10_5$$51,2018,39695
FORD,FORD FIESTA,29_13,10_5$$52,2017,77995
FORD,FORD FOCUS,29_14,10_5$$53,2017,20989
FORD,FORD FREEDOM,29_40,10_5$$54,2018,19950
FORD,FORD FUSION,29_18,10_5$$55,2018,124995
FORD,FORD GALAXY,29_19,10_5$$56,2018,77990
FORD,FORD GRAND C-MAX,29_20,10_5$$57,2018,49991
FORD,FORD GT,29_22,10_5$$58,2018,88950
FORD,FORD INDEPENDENCE,29_41,10_5$$59,2018,42995
FORD,FORD KA,29_23,10_5$$60,2018,45000
FORD,FORD KA+,29_24,10_5$$61,2018,55000
FORD,FORD KUGA,29_25,10_5$$62,2017,72989
FORD,FORD MAVERICK,29_26,10_5$$63,2018,89995
FORD,FORD MONDEO,29_27,10_5$$64,2018,19750
FORD,FORD MONDEO TITANIUM,29_27,10_5$$65,2018,79950
FORD,FORD MUSTANG,29_28,10_5$$66,2018,58995
FORD,FORD PUMA,29_29,10_5$$67,2018,63948
FORD,FORD RANGER,29_30,10_5$$68,2018,112950
FORD,FORD S-MAX,29_31,10_5$$69,2018,20925
FORD,FORD STREETKA,29_32,10_5$$70,2018,64000
FORD,FORD TOURNEO CONNECT,29_34,10_5$$71,2017,46000
FORD,FORD TOURNEO COURIER,29_39,10_5$$72,2018,79995
FORD,FORD TOURNEO CUSTOM,29_35,10_5$$73,2018,129950
FORD,FORD TRANSIT CONNECT,29_36,10_5$$74,2018,46990
FORD,FORD TRANSIT COURIER,29_37,10_5$$75,2018,122450
FORD,FORD TRANSIT CUSTOM,29_38,10_5$$76,2018,24550
HONDA,HONDA ACCORD,34_1,10_5$$77,2018,31995
HONDA,HONDA CIVIC,34_2,10_5$$78,2018,58950
HONDA,HONDA CRV,34_3,10_5$$79,2018,24999
HONDA,HONDA CR-V,34_3,10_5$$80,2018,81980
HONDA,HONDA CR-Z,34_4,10_5$$81,2017,24495
HONDA,HONDA FR-V,34_7,10_5$$82,2018,37490
HONDA,HONDA HR-V,34_8,10_5$$83,2018,68890
HONDA,HONDA INSIGHT,34_9,10_5$$84,2018,119948
HONDA,HONDA INTEGRA,34_10,10_5$$85,2018,23905
HONDA,HONDA JAZZ,34_11,10_5$$86,2018,20950
HONDA,HONDA LEGEND,34_12,10_5$$87,2017,39950
HONDA,HONDA NSX,34_13,10_5$$88,2018,23995
HONDA,HONDA ODYSSEY,34_14,10_5$$89,2018,57500
HONDA,HONDA PRELUDE,34_19,10_5$$90,2018,39950
HONDA,HONDA S2000,34_16,10_5$$91,2018,43750
HONDA,HONDA STEPWAGON,34_17,10_5$$92,2018,24990
HONDA,HONDA STREAM,34_18,10_5$$93,2018,42995
HUMMER,HUMMER H2,35_2,10_5$$94,2018,73000
HUMMER,HUMMER H3,35_3,10_5$$95,2018,26995
HYUNDAI,HYUNDAI ACCENT,36_1,10_5$$96,2018,64900
HYUNDAI,HYUNDAI AMICA,36_2,10_5$$97,2018,62995
HYUNDAI,HYUNDAI COUPE,36_3,10_5$$98,2017,67994
HYUNDAI,HYUNDAI ELANTRA,36_4,10_5$$99,2018,42000
HYUNDAI,HYUNDAI GENESIS,36_5,10_5$$100,2016,18489
HYUNDAI,HYUNDAI GETZ,36_6,10_5$$101,2018,66990
HYUNDAI,HYUNDAI GRANDEUR,36_7,10_5$$102,2018,65999
HYUNDAI,HYUNDAI I10,36_8,10_5$$103,2017,69995
HYUNDAI,HYUNDAI I20,36_9,10_5$$104,2018,28989
HYUNDAI,HYUNDAI I30,36_10,10_5$$105,2018,25500
HYUNDAI,HYUNDAI I40,36_12,10_5$$106,2018,27000
HYUNDAI,HYUNDAI I800,36_13,10_5$$107,2018,83950
HYUNDAI,HYUNDAI IONIQ,36_14,10_5$$108,2018,89950
HYUNDAI,HYUNDAI IX20,36_15,10_5$$109,2018,127000
HYUNDAI,HYUNDAI IX35,36_16,10_5$$110,2018,114850
HYUNDAI,HYUNDAI KONA,36_17,10_5$$111,2017,69995
HYUNDAI,HYUNDAI LANTRA,36_4,10_5$$112,2018,77990
HYUNDAI,HYUNDAI MATRIX,36_18,10_5$$113,2018,53000
HYUNDAI,HYUNDAI SANTA FE,36_20,10_5$$114,2018,93899
HYUNDAI,HYUNDAI SONATA,36_21,10_5$$115,2016,69849
HYUNDAI,HYUNDAI TERRACAN,36_22,10_5$$116,2018,58999
HYUNDAI,HYUNDAI TRAJET,36_23,10_5$$117,2018,53000
HYUNDAI,HYUNDAI TUCSON,36_24,10_5$$118,2017,86990
HYUNDAI,HYUNDAI VELOSTER,36_25,10_5$$119,2018,74975
INFINITI,INFINITI FX30,37_2,10_5$$120,2018,62750
INFINITI,INFINITI Q30,37_5,10_5$$121,2018,114950
INFINITI,INFINITI Q50,37_6,10_5$$122,2018,205495
INFINITI,INFINITI Q60,37_7,10_5$$123,2018,80000
INFINITI,INFINITI Q70,37_8,10_5$$124,2018,107950
INFINITI,INFINITI QX30,37_9,10_5$$125,2018,34800
INFINITI,INFINITI QX50,37_10,10_5$$126,2018,38000
INFINITI,INFINITI QX70,37_11,10_5$$127,2018,23911
ISUZU,ISUZU D-MAX,38_2,10_5$$128,2018,110950
ISUZU,ISUZU TROOPER,38_4,10_5$$129,2018,124000
JAGUAR,JAGUAR EAGLE,39_14,10_5$$130,2018,49950
JAGUAR,JAGUAR E-PACE,39_1,10_5$$131,2018,65000
JAGUAR,JAGUAR F TYPE,39_3,10_5$$132,2018,51948
JAGUAR,JAGUAR F-PACE,39_2,10_5$$133,2018,129500
JAGUAR,JAGUAR F-TYPE,39_3,10_5$$134,2018,54000
JAGUAR,JAGUAR I-PACE,39_13,10_5$$135,2018,18990
JAGUAR,JAGUAR S TYPE,39_4,10_5$$136,2018,22000
JAGUAR,JAGUAR X TYPE,39_5,10_5$$137,2018,72850
JAGUAR,JAGUAR XE SERIES,39_6,10_5$$138,2018,44990
JAGUAR,JAGUAR XF SERIES,39_7,10_5$$139,2017,50000
JAGUAR,JAGUAR XJ SERIES,39_8,10_5$$140,2018,120000
JAGUAR,JAGUAR XK SERIES,39_9,10_5$$141,2018,21950
JEEP,JEEP CHEROKEE,40_1,10_5$$142,2016,33999
JEEP,JEEP COMMANDER,40_2,10_5$$143,2018,96995
JEEP,JEEP COMPASS,40_3,10_5$$144,2018,52000
JEEP,JEEP GRAND CHEROKEE,40_4,10_5$$145,2018,61950
JEEP,JEEP PATRIOT,40_5,10_5$$146,2016,39995
JEEP,JEEP RENEGADE,40_6,10_5$$147,2017,41948
JEEP,JEEP WRANGLER,40_7,10_5$$148,2018,45995
KIA,KIA CARENS,43_1,10_5$$149,2018,82450
KIA,KIA CEED,43_2,10_5$$150,2018,52995
KIA,KIA CERATO,43_3,10_5$$151,2018,62500
KIA,KIA CLARUS,43_3,10_5$$152,2017,74900
KIA,KIA MAGENTIS,43_4,10_5$$153,2018,62750
KIA,KIA MENTOR,43_17,10_5$$154,2018,62500
KIA,KIA NIRO,43_5,10_5$$155,2018,69995
KIA,KIA OPTIMA,43_6,10_5$$156,2018,184950
KIA,KIA PICANTO,43_7,10_5$$157,2018,24989
KIA,KIA PRO CEED,43_8,10_5$$158,2018,64995
KIA,KIA RIO,43_9,10_5$$159,2018,74950
KIA,KIA SEDONA,43_10,10_5$$160,2018,74990
KIA,KIA SHUMA,43_17,10_5$$161,2018,30000
KIA,KIA SORENTO,43_11,10_5$$162,2018,92450
KIA,KIA SOUL,43_12,10_5$$163,2018,41895
KIA,KIA SPORTAGE,43_13,10_5$$164,2018,26900
KIA,KIA STINGER,43_14,10_5$$165,2018,64950
KIA,KIA STONIC,43_15,10_5$$166,2017,119950
KIA,KIA STINGER,43_14,10_5$$167,2018,69889
KIA,KIA VENGA,43_16,10_5$$168,2018,25995
KIA,KIA XCEED,43_19,10_5$$169,2018,21999
LAMBORGHINI,LAMBORGHINI AVENTADOR,45_1,10_5$$170,2018,23000
LAMBORGHINI,LAMBORGHINI DIABLO,45_2,10_5$$171,2018,81000
LAMBORGHINI,LAMBORGHINI GALLARDO,45_3,10_5$$172,2018,61990
LAMBORGHINI,LAMBORGHINI HURACAN,45_4,10_5$$173,2018,53999
LAMBORGHINI,LAMBORGHINI MURCIELAGO,45_5,10_5$$174,2018,64948
LAND ROVER,LAND ROVER 110,47_1,10_5$$175,2018,25000
LAND ROVER,LAND ROVER DEFENDER,47_5,10_5$$176,2018,17990
LAND ROVER,LAND ROVER DISCOVERY,47_6,10_5$$177,2018,102990
LAND ROVER,LAND ROVER FREELANDER,47_11,10_5$$178,2018,21950
LAND ROVER,LAND ROVER RANGE ROVER,47_13,10_5$$179,2018,64950
LEXUS,LEXUS CT 200,48_1,10_5$$180,2018,48991
LEXUS,LEXUS ES 300,48_32,10_5$$181,2018,47999
LEXUS,LEXUS GS 250,48_2,10_5$$182,2018,45000
LEXUS,LEXUS GS 300,48_2,10_5$$183,2018,47900
LEXUS,LEXUS GS 450,48_2,10_5$$184,2018,34489
LEXUS,LEXUS GS300,48_2,10_5$$185,2018,134995
LEXUS,LEXUS IS F,48_8,10_5$$186,2018,49995
LEXUS,LEXUS IS200,48_8,10_5$$187,2018,76500
LEXUS,LEXUS IS220,48_8,10_5$$188,2017,34750
LEXUS,LEXUS IS250,48_8,10_5$$189,2018,74995
LEXUS,LEXUS IS300,48_8,10_5$$190,2018,77750
LEXUS,LEXUS LC 500,48_14,10_5$$191,2017,29990
LEXUS,LEXUS LS430,48_15,10_5$$192,2017,19450
LEXUS,LEXUS NX300,48_18,10_5$$193,2018,47975
LEXUS,LEXUS RC 300,48_21,10_5$$194,2018,21350
LEXUS,LEXUS RC F,48_21,10_5$$195,2018,124950
LEXUS,LEXUS RX300,48_24,10_5$$196,2018,23955
LEXUS,LEXUS RX350,48_24,10_5$$197,2018,71945
LEXUS,LEXUS RX400,48_24,10_5$$198,2018,47000
LEXUS,LEXUS RX450,48_24,10_5$$199,2018,39990
LEXUS,LEXUS RX,48_24,10_5$$200,2017,18995
LEXUS,LEXUS SC430,48_30,10_5$$201,2018,129950
LEXUS,LEXUS UX 250H,48_31,10_5$$202,2018,49950
LINCOLN,LINCOLN TOWN CAR,49_2,10_5$$203,2017,26999
LOTUS,LOTUS ELISE,51_3,10_5$$204,2017,29950
LOTUS,LOTUS ESPRIT,51_5,10_5$$205,2018,21950
LOTUS,LOTUS EVORA,51_6,10_5$$206,2018,99785
LOTUS,LOTUS EXIGE,51_7,10_5$$207,2018,79995
MASERATI,MASERATI 3200,55_1,10_5$$208,2017,51995
MASERATI,MASERATI COUPE,55_4,10_5$$209,2018,50950
MASERATI,MASERATI GHIBLI,55_5,10_5$$210,2018,75547
MASERATI,MASERATI GRAN TURISMO,55_8,10_5$$211,2018,74850
MASERATI,MASERATI GRANCABRIO,55_6,10_5$$212,2018,57000
MASERATI,MASERATI GRANSPORT,55_7,10_5$$213,2018,45995
MASERATI,MASERATI GRANTURISMO,55_8,10_5$$214,2018,27850
MASERATI,MASERATI LEVANTE,55_9,10_5$$215,2018,72950
MASERATI,MASERATI QUATTROPORTE,55_10,10_5$$216,2018,95000
MASERATI,MASERATI SPYDER,55_11,10_5$$217,2018,59995
MAYBACH,MAYBACH 57,56_1,10_5$$218,2018,159950
MAYBACH,MAYBACH 62,56_2,10_5$$219,2018,16995
MAZDA,MAZDA 2,57_10,10_5$$220,2018,49948
MAZDA,MAZDA 3,57_11,10_5$$221,2018,45490
MAZDA,MAZDA 323,57_1,10_5$$222,2018,69990
MAZDA,MAZDA 5,57_12,10_5$$223,2018,136990
MAZDA,MAZDA 6,57_13,10_5$$224,2017,69995
MAZDA,MAZDA 626,57_2,10_5$$225,2018,49995
MAZDA,MAZDA B2500,57_3,10_5$$226,2018,27500
MAZDA,MAZDA CX3,57_6,10_5$$227,2017,50000
MAZDA,MAZDA CX5,57_7,10_5$$228,2018,76949
MAZDA,MAZDA CX7,57_8,10_5$$229,2018,88990
MAZDA,MAZDA DEMIO,57_9,10_5$$230,2018,77990
MAZDA,MAZDA MPV,57_14,10_5$$231,2018,69500
MAZDA,MAZDA MX5,57_15,10_5$$232,2017,45000
MAZDA,MAZDA MX-5,57_15,10_5$$233,2018,28950
MAZDA,MAZDA PREMACY,57_17,10_5$$234,2018,19995
MAZDA,MAZDA RX8,57_18,10_5$$235,2018,118995
MAZDA,MAZDA TRIBUTE,57_19,10_5$$236,2018,59900
MCLAREN,MCLAREN 540C,58_2,10_5$$237,2018,89950
MCLAREN,MCLAREN 570GT,58_3,10_5$$238,2017,52990
MCLAREN,MCLAREN 570S,58_4,10_5$$239,2018,46950
MCLAREN,MCLAREN 600LT,58_9,10_5$$240,2018,49950
MCLAREN,MCLAREN 650S,58_5,10_5$$241,2018,109990
MCLAREN,MCLAREN 675LT,58_6,10_5$$242,2017,20950
MCLAREN,MCLAREN 720S,58_7,10_5$$243,2018,59995
MCLAREN,MCLAREN P1,58_8,10_5$$244,2017,35850
MERCEDES,MERCEDES 200,59_1,10_5$$245,2017,67950
MERCEDES,MERCEDES 500,59_7,10_5$$246,2018,23990
MERCEDES,MERCEDES A CLASS,59_8,10_5$$247,2018,39995
MERCEDES,MERCEDES AMG CLASS,59_9,10_5$$248,2017,79995
MERCEDES,MERCEDES B CLASS,59_11,10_5$$249,2018,68790
MERCEDES,MERCEDES C CLASS,59_12,10_5$$250,2017,78950
MERCEDES,MERCEDES CITAN,59_13,10_5$$251,2018,115889
MERCEDES,MERCEDES CL CLASS,59_15,10_5$$252,2018,54950
MERCEDES,MERCEDES CLA CLASS,59_16,10_5$$253,2018,78950
MERCEDES,MERCEDES CLC CLASS,59_17,10_5$$254,2018,57990
MERCEDES,MERCEDES CLK CLASS,59_18,10_5$$255,2018,28850
MERCEDES,MERCEDES CLS CLASS,59_19,10_5$$256,2018,69950
MERCEDES,MERCEDES E CLASS,59_20,10_5$$257,2018,39990
MERCEDES,MERCEDES G CLASS,59_21,10_5$$258,2018,108000
MERCEDES,MERCEDES GL CLASS,59_22,10_5$$259,2018,55000
MERCEDES,MERCEDES GLA CLASS,59_23,10_5$$260,2018,49990
MERCEDES,MERCEDES GLC CLASS,59_24,10_5$$261,2018,26950
MERCEDES,MERCEDES GLE CLASS,59_25,10_5$$262,2017,30975
MERCEDES,MERCEDES GLS CLASS,59_26,10_5$$263,2018,46950
MERCEDES,MERCEDES ML CLASS,59_27,10_5$$264,2018,219995
MERCEDES,MERCEDES R CLASS,59_28,10_5$$265,2018,67990
MERCEDES,MERCEDES S CLASS,59_29,10_5$$266,2018,59975
MERCEDES,MERCEDES SL CLASS,59_30,10_5$$267,2018,23495
MERCEDES,MERCEDES SLC CLASS,59_31,10_5$$268,2018,94990
MERCEDES,MERCEDES SLK CLASS,59_32,10_5$$269,2018,79950
MERCEDES,MERCEDES SPRINTER,59_35,10_5$$270,2018,205995
MERCEDES,MERCEDES V CLASS,59_36,10_5$$271,2017,74995
MERCEDES,MERCEDES VANEO,59_37,10_5$$272,2017,89994
MERCEDES,MERCEDES VIANO,59_38,10_5$$273,2018,45495
MERCEDES,MERCEDES VITO,59_39,10_5$$274,2018,74990
MERCEDES,MERCEDES X CLASS,59_40,10_5$$275,2018,19990
MG,MG 3,53_2,10_5$$276,2018,47450
MG,MG 6,53_3,10_5$$277,2018,159950
MG,MG GS,53_1,10_5$$278,2018,122000
MG,MG MG6,53_3,10_5$$279,2018,58990
MG,MG MGF,53_4,10_5$$280,2018,89850
MG,MG TF,53_5,10_5$$281,2018,229995
MG,MG XS,53_10,10_5$$282,2018,49000
MG,MG ZR,53_6,10_5$$283,2018,69950
MG,MG ZS,53_7,10_5$$284,2018,76948
MG,MG ZT,53_8,10_5$$285,2018,74990
MICROCAR,MICROCAR M-GO,61_1,10_5$$286,2018,39999
MINI,MINI CLUBMAN,54_1,10_5$$287,2018,92950
MINI,MINI COOPER,54_6,10_5$$288,2018,58995
MINI,MINI COUNTRYMAN,54_4,10_5$$289,2018,119995
MINI,MINI FIRST,54_6,10_5$$290,2018,208000
MINI,MINI JOHN COOPER WORKS,54_9,10_5$$291,2018,119000
MINI,MINI ONE,54_6,10_5$$292,2018,144990
MINI,MINI PACEMAN,54_7,10_5$$293,2018,26250
MINI,MINI ROADSTER,54_8,10_5$$294,2016,104975
MITSUBISHI,MITSUBISHI ASX,62_1,10_5$$295,2018,66990
MITSUBISHI,MITSUBISHI CARISMA,62_2,10_5$$296,2018,59990
MITSUBISHI,MITSUBISHI COLT,62_3,10_5$$297,2018,89500
MITSUBISHI,MITSUBISHI DELICA,62_6,10_5$$298,2018,49950
MITSUBISHI,MITSUBISHI ECLIPSE,62_7,10_5$$299,2018,104950
MITSUBISHI,MITSUBISHI FTO,62_8,10_5$$300,2017,81895
MITSUBISHI,MITSUBISHI GALANT,62_9,10_5$$301,2018,104990
MITSUBISHI,MITSUBISHI GRANDIS,62_10,10_5$$302,2018,134990
MITSUBISHI,MITSUBISHI L200,62_13,10_5$$303,2018,27750
MITSUBISHI,MITSUBISHI LANCER,62_14,10_5$$304,2018,79950
MITSUBISHI,MITSUBISHI MIRAGE,62_15,10_5$$305,2018,189999
MITSUBISHI,MITSUBISHI OUTLANDER,62_16,10_5$$306,2018,79995
MITSUBISHI,MITSUBISHI PAJERO,62_17,10_5$$307,2018,24475
MITSUBISHI,MITSUBISHI SHOGUN,62_18,10_5$$308,2017,27495
MITSUBISHI,MITSUBISHI SPACE STAR,62_21,10_5$$309,2018,25995
MITSUBISHI,MITSUBISHI SPACE WAGON,62_22,10_5$$310,2018,23600
MORGAN,MORGAN AERO,63_2,10_5$$311,2018,20950
MORGAN,MORGAN PLUS 4,63_3,10_5$$312,2017,24995
MORGAN,MORGAN PLUS 8,63_4,10_5$$313,2018,59990
MORGAN,MORGAN ROADSTER,63_5,10_5$$314,2018,63495
NISSAN,NISSAN 350,64_1,10_5$$315,2018,98995
NISSAN,NISSAN 370,64_2,10_5$$316,2018,97990
NISSAN,NISSAN ALMERA,64_3,10_5$$317,2018,39990
NISSAN,NISSAN CUBE,64_5,10_5$$318,2018,90990
NISSAN,NISSAN E-NV200,64_7,10_5$$319,2018,25995
NISSAN,NISSAN FAIRLADY,64_10,10_5$$320,2018,22900
NISSAN,NISSAN GT,64_13,10_5$$321,2018,76695
NISSAN,NISSAN GT-R,64_13,10_5$$322,2017,159990
NISSAN,NISSAN JUKE,64_14,10_5$$323,2018,61990
NISSAN,NISSAN LEAF,64_16,10_5$$324,2018,111990
NISSAN,NISSAN MICRA,64_17,10_5$$325,2018,95000
NISSAN,NISSAN MURANO,64_19,10_5$$326,2018,93950
NISSAN,NISSAN NAVARA,64_20,10_5$$327,2018,94950
NISSAN,NISSAN NOTE,64_21,10_5$$328,2018,68999
NISSAN,NISSAN NV200,64_22,10_5$$329,2018,47850
NISSAN,NISSAN NV300,64_23,10_5$$330,2018,113895
NISSAN,NISSAN PATHFINDER,64_24,10_5$$331,2018,59950
NISSAN,NISSAN PATROL,64_25,10_5$$332,2018,84890
NISSAN,NISSAN PIXO,64_28,10_5$$333,2018,26750
NISSAN,NISSAN PRIMASTAR,64_30,10_5$$334,2018,77950
NISSAN,NISSAN PRIMERA,64_31,10_5$$335,2018,77500
NISSAN,NISSAN PULSAR,64_32,10_5$$336,2017,59950
NISSAN,NISSAN QASHQAI,64_33,10_5$$337,2018,32925
NISSAN,NISSAN SERENA,64_35,10_5$$338,2018,67780
NISSAN,NISSAN SKYLINE,64_36,10_5$$339,2018,82500
NISSAN,NISSAN STAGEA,64_37,10_5$$340,2017,89999
NISSAN,NISSAN TERRANO,64_38,10_5$$341,2018,124950
NISSAN,NISSAN X-TRAIL,64_41,10_5$$342,2018,49990
NOBLE,NOBLE M600,65_2,10_5$$343,2018,69000
OPEL,OPEL ASTRA,66_1,10_5$$344,2018,22995
OPEL,OPEL INSIGNIA,66_2,10_5$$345,2018,139950
OPEL,OPEL ZAFIRA,66_3,10_5$$346,2018,73889
PERODUA,PERODUA KELISA,68_1,10_5$$347,2018,179950
PERODUA,PERODUA KENARI,68_3,10_5$$348,2018,100000
PERODUA,PERODUA MYVI,68_2,10_5$$349,2018,20990
PEUGEOT,PEUGEOT 1007,69_1,10_5$$350,2018,105000
PEUGEOT,PEUGEOT 106,69_2,10_5$$351,2018,22995
PEUGEOT,PEUGEOT 107,69_3,10_5$$352,2018,34990
PEUGEOT,PEUGEOT 108,69_4,10_5$$353,2018,53975
PEUGEOT,PEUGEOT 2008,69_5,10_5$$354,2018,69950
PEUGEOT,PEUGEOT 206,69_6,10_5$$355,2018,165395
PEUGEOT,PEUGEOT 207,69_9,10_5$$356,2018,89500
PEUGEOT,PEUGEOT 208,69_12,10_5$$357,2018,56950
PEUGEOT,PEUGEOT 3008,69_13,10_5$$358,2018,49850
PEUGEOT,PEUGEOT 306,69_14,10_5$$359,2018,99950
PEUGEOT,PEUGEOT 307,69_15,10_5$$360,2018,89950
PEUGEOT,PEUGEOT 308,69_18,10_5$$361,2018,20995
PEUGEOT,PEUGEOT 4007,69_21,10_5$$362,2018,62990
PEUGEOT,PEUGEOT 406,69_22,10_5$$363,2018,42995
PEUGEOT,PEUGEOT 407,69_23,10_5$$364,2018,19500
PEUGEOT,PEUGEOT 5008,69_25,10_5$$365,2018,27950
PEUGEOT,PEUGEOT 508,69_26,10_5$$366,2018,68950
PEUGEOT,PEUGEOT 607,69_28,10_5$$367,2018,74990
PEUGEOT,PEUGEOT 806,69_38,10_5$$368,2018,57990
PEUGEOT,PEUGEOT 807,69_29,10_5$$369,2018,49890
PEUGEOT,PEUGEOT BIPPER,69_30,10_5$$370,2018,39995
PEUGEOT,PEUGEOT BOXER,69_41,10_5$$371,2018,81990
PEUGEOT,PEUGEOT EXPERT,69_31,10_5$$372,2018,59990
PEUGEOT,PEUGEOT HORIZON,69_34,10_5$$373,2018,41999
PEUGEOT,PEUGEOT INDEPENDENCE,69_43,10_5$$374,2016,22995
PEUGEOT,PEUGEOT ION,69_33,10_5$$375,2018,36955
PEUGEOT,PEUGEOT PARTNER,69_34,10_5$$376,2018,79299
PEUGEOT,PEUGEOT RCZ,69_36,10_5$$377,2016,69990
PEUGEOT,PEUGEOT RIFTER,69_42,10_5$$378,2018,59995
PEUGEOT,PEUGEOT TRAVELLER,69_37,10_5$$379,2018,20990
PORSCHE,PORSCHE 718 BOXSTER,71_2,10_5$$380,2018,21950
PORSCHE,PORSCHE 718 CAYMAN,71_3,10_5$$381,2018,80750
PORSCHE,PORSCHE 911,71_4,10_5$$382,2018,23990
PORSCHE,PORSCHE 918,71_5,10_5$$383,2018,79948
PORSCHE,PORSCHE BOXSTER,71_6,10_5$$384,2018,62100
PORSCHE,PORSCHE CAYENNE,71_8,10_5$$385,2018,94990
PORSCHE,PORSCHE CAYMAN,71_9,10_5$$386,2018,55000
PORSCHE,PORSCHE MACAN,71_10,10_5$$387,2018,51950
PORSCHE,PORSCHE PANAMERA,71_11,10_5$$388,2018,84977
PROTON,PROTON GEN 2,72_1,10_5$$389,2018,89995
PROTON,PROTON IMPIAN,72_2,10_5$$390,2018,69950
PROTON,PROTON PERSONA,72_4,10_5$$391,2018,25995
PROTON,PROTON SATRIA,72_5,10_5$$392,2018,107490
PROTON,PROTON SAVVY,72_6,10_5$$393,2018,67950
PROTON,PROTON WIRA,72_7,10_5$$394,2018,219950
RENAULT,RENAULT CAPTUR,75_1,10_5$$395,2016,55000
RENAULT,RENAULT CLIO,75_2,10_5$$396,2018,64950
RENAULT,RENAULT ESPACE,75_3,10_5$$397,2018,117990
RENAULT,RENAULT FLUENCE,75_4,10_5$$398,2018,38000
RENAULT,RENAULT GRAND SCENIC,75_7,10_5$$399,2018,23995
RENAULT,RENAULT KADJAR,75_8,10_5$$400,2018,64950
RENAULT,RENAULT KANGOO,75_9,10_5$$401,2018,104500
RENAULT,RENAULT KOLEOS,75_10,10_5$$402,2017,22993
RENAULT,RENAULT LAGUNA,75_11,10_5$$403,2018,68500
RENAULT,RENAULT MASTER,75_23,10_5$$404,2018,32950
RENAULT,RENAULT MEGANE,75_12,10_5$$405,2018,129950
RENAULT,RENAULT MODUS,75_13,10_5$$406,2018,97495
RENAULT,RENAULT SCENIC,75_14,10_5$$407,2018,67995
RENAULT,RENAULT TRAFIC,75_17,10_5$$408,2017,41950
RENAULT,RENAULT TWINGO,75_18,10_5$$409,2018,52000
RENAULT,RENAULT TWIZY,75_19,10_5$$410,2017,44990
RENAULT,RENAULT VEL SATIS,75_20,10_5$$411,2018,22000
RENAULT,RENAULT WIND ROADSTER,75_21,10_5$$412,2018,22995
RENAULT,RENAULT ZOE,75_22,10_5$$413,2018,89950
Reva,Reva G-WIZ,76_1,10_5$$414,2018,50000
ROLLS ROYCE,ROLLS ROYCE CORNICHE,77_1,10_5$$415,2018,28999
ROLLS ROYCE,ROLLS ROYCE DAWN,77_2,10_5$$416,2017,72949
ROLLS ROYCE,ROLLS ROYCE GHOST,77_3,10_5$$417,2017,84990
ROLLS ROYCE,ROLLS ROYCE PHANTOM,77_4,10_5$$418,2018,20995
ROLLS ROYCE,ROLLS ROYCE SILVER SERAPH,77_5,10_5$$419,2015,70000
ROLLS ROYCE,ROLLS ROYCE WRAITH,77_6,10_5$$420,2018,49750
ROVER,ROVER 25,78_1,10_5$$421,2018,46999
ROVER,ROVER 45,78_2,10_5$$422,2018,52948
ROVER,ROVER 75,78_3,10_5$$423,2018,68000
ROVER,ROVER CITYROVER,78_5,10_5$$424,2017,92995
ROVER,ROVER MINI,78_6,10_5$$425,2017,96990
ROVER,ROVER STREETWISE,78_7,10_5$$426,2018,41222
SAAB,SAAB 9-3,81_1,10_5$$427,2018,22500
SAAB,SAAB 9-5,81_3,10_5$$428,2018,75000
SANTANA,SANTANA PS10,82_1,10_5$$429,2017,66995
SEAT,SEAT ALHAMBRA,79_1,10_5$$430,2018,18990
SEAT,SEAT ALTEA,79_2,10_5$$431,2018,82995
SEAT,SEAT ARONA,79_4,10_5$$432,2018,110000
SEAT,SEAT AROSA,79_5,10_5$$433,2017,43988
SEAT,SEAT ATECA,79_6,10_5$$434,2017,42950
SEAT,SEAT CORDOBA,79_7,10_5$$435,2018,52889
SEAT,SEAT EXEO,79_8,10_5$$436,2017,43995
SEAT,SEAT IBIZA,79_9,10_5$$437,2018,67850
SEAT,SEAT LEON,79_10,10_5$$438,2018,92500
SEAT,SEAT MII,79_11,10_5$$439,2018,45995
SEAT,SEAT TARRACO,79_13,10_5$$440,2017,47633
SEAT,SEAT TOLEDO,79_12,10_5$$441,2018,79800
SKODA,SKODA CITIGO,80_1,10_5$$442,2018,89995
SKODA,SKODA FABIA,80_2,10_5$$443,2017,47995
SKODA,SKODA FELICIA,80_11,10_5$$444,2018,25995
SKODA,SKODA KAROQ,80_3,10_5$$445,2018,95500
SKODA,SKODA KODIAQ,80_4,10_5$$446,2017,99990
SKODA,SKODA OCTAVIA,80_5,10_5$$447,2018,79990
SKODA,SKODA RAPID,80_6,10_5$$448,2018,64900
SKODA,SKODA ROOMSTER,80_8,10_5$$449,2018,73950
SKODA,SKODA SCALA,80_12,10_5$$450,2018,100000
SKODA,SKODA SUPERB,80_9,10_5$$451,2018,174990
SKODA,SKODA YETI,80_10,10_5$$452,2018,19995
SMART,SMART CITY,84_2,10_5$$453,2018,79950
SMART,SMART FORFOUR,84_1,10_5$$454,2018,54450
SMART,SMART FORTWO,84_2,10_5$$455,2017,99990
SMART,SMART ROADSTER,84_3,10_5$$456,2018,20950
SSANGYONG,SSANGYONG KORANDO,85_1,10_5$$457,2018,39990
SSANGYONG,SSANGYONG KYRON,85_3,10_5$$458,2018,94948
SSANGYONG,SSANGYONG MUSSO,85_4,10_5$$459,2017,64900
SSANGYONG,SSANGYONG REXTON,85_5,10_5$$460,2018,22995
SSANGYONG,SSANGYONG RODIUS,85_6,10_5$$461,2018,57950
SSANGYONG,SSANGYONG TIVOLI,85_7,10_5$$462,2018,34995
SUBARU,SUBARU BRZ,86_1,10_5$$463,2018,95500
SUBARU,SUBARU FORESTER,86_2,10_5$$464,2018,15995
SUBARU,SUBARU IMPREZA,86_3,10_5$$465,2018,74950
SUBARU,SUBARU JUSTY,86_4,10_5$$466,2018,94995
SUBARU,SUBARU LEGACY,86_5,10_5$$467,2018,199950
SUBARU,SUBARU LEVORG,86_6,10_5$$468,2018,79995
SUBARU,SUBARU OUTBACK,86_7,10_5$$469,2018,49995
SUBARU,SUBARU WRX,86_10,10_5$$470,2018,134990
SUBARU,SUBARU XV,86_11,10_5$$471,2018,129950
SUZUKI,SUZUKI ALTO,87_1,10_5$$472,2018,22990
SUZUKI,SUZUKI BALENO,87_2,10_5$$473,2018,89950
SUZUKI,SUZUKI CELERIO,87_3,10_5$$474,2018,64950
SUZUKI,SUZUKI GRAND VITARA,87_4,10_5$$475,2018,82500
SUZUKI,SUZUKI IGNIS,87_5,10_5$$476,2017,69950
SUZUKI,SUZUKI JIMNY,87_6,10_5$$477,2017,76995
SUZUKI,SUZUKI KIZASHI,87_7,10_5$$478,2018,84950
SUZUKI,SUZUKI LIANA,87_8,10_5$$479,2018,72990
SUZUKI,SUZUKI SPLASH,87_9,10_5$$480,2018,84999
SUZUKI,SUZUKI SWIFT,87_10,10_5$$481,2018,65995
SUZUKI,SUZUKI SX4,87_11,10_5$$482,2018,57895
SUZUKI,SUZUKI VITARA,87_13,10_5$$483,2018,83000
SUZUKI,SUZUKI WAGON R+,87_14,10_5$$484,2018,89995
TATA,TATA SAFARI,89_1,10_5$$485,2018,19850
TESLA,TESLA MODEL 3,90_3,10_5$$486,2017,82995
TESLA,TESLA MODEL S,90_1,10_5$$487,2018,21500
TESLA,TESLA MODEL X,90_2,10_5$$488,2018,78840
TOYOTA,TOYOTA 4-RUNNER,92_1,10_5$$489,2018,86990
TOYOTA,TOYOTA AURIS,92_3,10_5$$490,2018,24995
TOYOTA,TOYOTA AVENSIS,92_4,10_5$$491,2018,74900
TOYOTA,TOYOTA AYGO,92_6,10_5$$492,2018,59950
TOYOTA,TOYOTA CAMRY,92_9,10_5$$493,2018,110000
TOYOTA,TOYOTA CELICA,92_10,10_5$$494,2018,56975
TOYOTA,TOYOTA C-HR,92_8,10_5$$495,2018,59950
TOYOTA,TOYOTA COROLLA,92_11,10_5$$496,2018,41999
TOYOTA,TOYOTA ESTIMA,92_14,10_5$$497,2018,77450
TOYOTA,TOYOTA GRANVIA,92_16,10_5$$498,2017,68900
TOYOTA,TOYOTA GT86,92_17,10_5$$499,2018,81450
TOYOTA,TOYOTA HIACE,92_18,10_5$$500,2018,79950
TOYOTA,TOYOTA HILUX,92_19,10_5$$501,2018,60000
TOYOTA,TOYOTA IQ,92_20,10_5$$502,2017,79890
TOYOTA,TOYOTA LANDCRUISER,92_21,10_5$$503,2018,68299
TOYOTA,TOYOTA MR2,92_25,10_5$$504,2018,249995
TOYOTA,TOYOTA PICNIC,92_27,10_5$$505,2018,87990
TOYOTA,TOYOTA PREVIA,92_29,10_5$$506,2018,64950
TOYOTA,TOYOTA PRIUS,92_30,10_5$$507,2018,158950
TOYOTA,TOYOTA PRIUS+,92_31,10_5$$508,2018,89990
TOYOTA,TOYOTA PROACE,92_32,10_5$$509,2017,41985
TOYOTA,TOYOTA RAV4,92_34,10_5$$510,2018,52995
TOYOTA,TOYOTA SOARER,92_35,10_5$$511,2018,42990
TOYOTA,TOYOTA STARLET,92_36,10_5$$512,2018,27985
TOYOTA,TOYOTA SUPRA,92_37,10_5$$513,2018,79950
TOYOTA,TOYOTA URBAN CRUISER,92_39,10_5$$514,2018,31995
TOYOTA,TOYOTA VERSO,92_40,10_5$$515,2017,49977
TOYOTA,TOYOTA YARIS,92_44,10_5$$516,2018,43993
TVR,TVR CERBERA,88_1,10_5$$517,2018,26885
TVR,TVR SAGARIS,88_2,10_5$$518,2018,77000
TVR,TVR T350,88_3,10_5$$519,2018,55000
TVR,TVR TUSCAN,88_4,10_5$$520,2018,28990
VAUXHALL,VAUXHALL ADAM,94_1,10_5$$521,2018,23500
VAUXHALL,VAUXHALL AGILA,94_2,10_5$$522,2018,37990
VAUXHALL,VAUXHALL AMPERA,94_3,10_5$$523,2018,85000
VAUXHALL,VAUXHALL ANTARA,94_4,10_5$$524,2016,169950
VAUXHALL,VAUXHALL ASTRA,94_5,10_5$$525,2018,49995
VAUXHALL,VAUXHALL CASCADA,94_7,10_5$$526,2017,23950
VAUXHALL,VAUXHALL COMBO,94_8,10_5$$527,2018,72000
VAUXHALL,VAUXHALL CORSA,94_9,10_5$$528,2018,54990
VAUXHALL,VAUXHALL CROSSLAND,94_10,10_5$$529,2018,51950
VAUXHALL,VAUXHALL FRONTERA,94_11,10_5$$530,2018,44800
VAUXHALL,VAUXHALL GRANDLAND,94_12,10_5$$531,2018,67995
VAUXHALL,VAUXHALL INSIGNIA,94_13,10_5$$532,2017,23490
VAUXHALL,VAUXHALL MERIVA,94_14,10_5$$533,2018,70000
VAUXHALL,VAUXHALL MOKKA,94_15,10_5$$534,2018,94990
VAUXHALL,VAUXHALL MONARO,94_17,10_5$$535,2018,51948
VAUXHALL,VAUXHALL MOVANO,94_18,10_5$$536,2018,51995
VAUXHALL,VAUXHALL OMEGA,94_19,10_5$$537,2018,119990
VAUXHALL,VAUXHALL SIGNUM,94_20,10_5$$538,2018,84750
VAUXHALL,VAUXHALL TIGRA,94_21,10_5$$539,2018,63995
VAUXHALL,VAUXHALL VECTRA,94_22,10_5$$540,2018,49990
VAUXHALL,VAUXHALL VIVA,94_23,10_5$$541,2017,77000
VAUXHALL,VAUXHALL VIVARO,94_24,10_5$$542,2018,69500
VAUXHALL,VAUXHALL VX220,94_25,10_5$$543,2018,54999
VAUXHALL,VAUXHALL VXR8,94_26,10_5$$544,2018,54000
VAUXHALL,VAUXHALL ZAFIRA,94_27,10_5$$545,2017,75950
VOLKSWAGEN,VOLKSWAGEN ARTEON,95_2,10_5$$546,2018,36500
VOLKSWAGEN,VOLKSWAGEN BEETLE,95_3,10_5$$547,2018,37989
VOLKSWAGEN,VOLKSWAGEN BORA,95_4,10_5$$548,2018,62127
VOLKSWAGEN,VOLKSWAGEN CADDY,95_5,10_5$$549,2017,52950
VOLKSWAGEN,VOLKSWAGEN CADDYMAXI,95_7,10_5$$550,2017,79995
VOLKSWAGEN,VOLKSWAGEN CALIFORNIA,95_9,10_5$$551,2018,51990
VOLKSWAGEN,VOLKSWAGEN CARAVELLE,95_11,10_5$$552,2018,49500
VOLKSWAGEN,VOLKSWAGEN CC,95_12,10_5$$553,2017,51000
VOLKSWAGEN,VOLKSWAGEN EOS,95_13,10_5$$554,2018,125000
VOLKSWAGEN,VOLKSWAGEN FOX,95_14,10_5$$555,2018,26975
VOLKSWAGEN,VOLKSWAGEN GOLF,95_15,10_5$$556,2018,23989
VOLKSWAGEN,VOLKSWAGEN HIGH UP,95_33,10_5$$557,2018,55000
VOLKSWAGEN,VOLKSWAGEN JETTA,95_18,10_5$$558,2017,41970
VOLKSWAGEN,VOLKSWAGEN LOOK UP,95_33,10_5$$559,2018,26250
VOLKSWAGEN,VOLKSWAGEN LUPO,95_19,10_5$$560,2018,79995
VOLKSWAGEN,VOLKSWAGEN PASSAT,95_20,10_5$$561,2017,88999
VOLKSWAGEN,VOLKSWAGEN PHAETON,95_21,10_5$$562,2018,53000
VOLKSWAGEN,VOLKSWAGEN POLO,95_22,10_5$$563,2018,27950
VOLKSWAGEN,VOLKSWAGEN SCIROCCO,95_23,10_5$$564,2017,22995
VOLKSWAGEN,VOLKSWAGEN SHARAN,95_24,10_5$$565,2018,72995
VOLKSWAGEN,VOLKSWAGEN T-CROSS,95_37,10_5$$566,2018,144990
VOLKSWAGEN,VOLKSWAGEN TIGUAN,95_26,10_5$$567,2018,36989
VOLKSWAGEN,VOLKSWAGEN TOUAREG,95_28,10_5$$568,2018,65000
VOLKSWAGEN,VOLKSWAGEN TOURAN,95_29,10_5$$569,2018,22950
VOLKSWAGEN,VOLKSWAGEN TRANSPORTER,95_30,10_5$$570,2018,69950
VOLKSWAGEN,VOLKSWAGEN T-ROC,95_25,10_5$$571,2018,21000
VOLKSWAGEN,VOLKSWAGEN UP,95_33,10_5$$572,2018,48500
VOLKSWAGEN,VOLKSWAGEN UP BY,95_33,10_5$$573,2017,49995
VOLKSWAGEN,VOLKSWAGEN URBAN,95_14,10_5$$574,2018,22475
VOLKSWAGEN,VOLKSWAGEN XL1,95_35,10_5$$575,2016,49999
VOLVO,VOLVO C 30,96_1,10_5$$576,2018,64990
VOLVO,VOLVO C30,96_1,10_5$$577,2018,29250
VOLVO,VOLVO C70,96_2,10_5$$578,2017,41995
VOLVO,VOLVO S40,96_3,10_5$$579,2018,27990
VOLVO,VOLVO S60,96_4,10_5$$580,2018,21350
VOLVO,VOLVO S70,96_19,10_5$$581,2018,73000
VOLVO,VOLVO S80,96_5,10_5$$582,2018,124950
VOLVO,VOLVO S90,96_6,10_5$$583,2018,102950
VOLVO,VOLVO V40,96_7,10_5$$584,2018,79950
VOLVO,VOLVO V50,96_9,10_5$$585,2018,99995
VOLVO,VOLVO V60,96_10,10_5$$586,2018,46700
VOLVO,VOLVO V70,96_12,10_5$$587,2018,84495
VOLVO,VOLVO V90,96_14,10_5$$588,2017,23995
VOLVO,VOLVO XC40,96_20,10_5$$589,2018,86889
VOLVO,VOLVO XC60,96_16,10_5$$590,2018,84990
VOLVO,VOLVO XC70,96_17,10_5$$591,2018,80000
VOLVO,VOLVO XC90,96_18,10_5$$592,2018,22700
ZENOS,ZENOS E10,99_1,10_5$$593,2017,22990
